-- Insert Transaction Status
INSERT INTO transaction_status VALUES 
(0, now(), 'SYSTEM', now(), 'SYSTEM', 'SUCCESS'),
(1, now(), 'SYSTEM', now(), 'SYSTEM', 'FAILED');

-- Insert Products
INSERT INTO products VALUES 
('10001', now(), 'SYSTEM', now(), 'SYSTEM', 'Test 1'),
('10002', now(), 'SYSTEM', now(), 'SYSTEM', 'Test 2');

-- Insert Customers
INSERT INTO customers VALUES 
(1, now(), 'SYSTEM', now(), 'SYSTEM', 'abc');

-- Insert Transactions
INSERT INTO transactions (id, created_at, created_by, updated_at, updated_by, product_id, amount, customer_id, status_id, transaction_date) VALUES
(1372, '2022-07-10 11:14:52', 'abc', '2022-07-10 11:14:52', 'abc', '10001', 1000.00, 1, 0, '2022-07-10 11:14:52'),
(1373, '2022-07-10 13:14:52', 'abc', '2022-07-11 13:14:52', 'abc', '10002', 2000.00, 1, 0, '2022-07-11 13:14:52'),
(1374, '2022-07-10 12:14:52', 'abc', '2022-08-10 12:14:52', 'abc', '10001', 1000.00, 1, 0, '2022-08-10 12:14:52'),
(1375, '2022-07-10 13:10:52', 'abc', '2022-08-10 13:10:52', 'abc', '10002', 1000.00, 1, 1, '2022-08-10 13:10:52'),
(1376, '2022-07-10 13:11:52', 'abc', '2022-08-10 13:11:52', 'abc', '10001', 1000.00, 1, 0, '2022-08-10 13:11:52'),
(1377, '2022-07-10 13:14:52', 'abc', '2022-08-12 13:14:52', 'abc', '10002', 2000.00, 1, 0, '2022-08-12 13:14:52'),
(1378, '2022-07-10 14:11:52', 'abc', '2022-08-12 14:11:52', 'abc', '10001', 1000.00, 1, 0, '2022-08-12 14:11:52'),
(1379, '2022-07-10 11:14:52', 'abc', '2022-09-13 11:14:52', 'abc', '10002', 1000.00, 1, 1, '2022-09-13 11:14:52'),
(1380, '2022-07-10 13:14:52', 'abc', '2022-09-13 13:14:52', 'abc', '10001', 1000.00, 1, 0, '2022-09-13 13:14:52'),
(1381, '2022-07-10 09:11:52', 'abc', '2022-09-14 09:11:52', 'abc', '10002', 2000.00, 1, 0, '2022-09-14 09:11:52'),
(1382, '2022-07-10 10:14:52', 'abc', '2022-09-14 10:14:52', 'abc', '10001', 1000.00, 1, 0, '2022-09-14 10:14:52'),
(1383, '2022-07-10 13:14:52', 'abc', '2022-08-15 13:14:52', 'abc', '10002', 1000.00, 1, 1, '2022-08-15 13:14:52');